hist_col,key_col,mae,rmse,rows_compared
hist_rate_purpose,purpose,0.02959321090998722,0.03264392727218409,154011
hist_rate_regionCode,regionCode,0.0310942230842861,0.03451003946312498,154011
hist_rate_grade,grade,0.03597287895755817,0.04343706942954225,154011
hist_rate_postCode_cat,postCode_cat,0.047274890021381605,0.0669522715731333,154011
