te_col,mae,rmse,check_months,rows_compared
te_grade_term,0.011813867405058005,0.012636530978974846,36,154011
te_employmentLength_cat,0.012303072408495479,0.013175320160896543,36,154011
te_subGrade,0.012390299723190983,0.014276554887963443,36,154011
te_purpose_home,0.013319677195826015,0.01801893560185674,36,154011
te_fico_dti,0.022323073779197317,0.032439600443451046,36,154011
te_iy_region,0.023235530157826326,0.03232618882945879,36,154011
te_postCode_cat,0.02970120110173207,0.04333992278724902,36,154011
