col,nan_ratio,n_inf,mean,std,auc_vs_target
woe_dti,0.0,0,-0.02064648467587501,0.2643523238512673,0.5740104827389645
woe_revolUtil,0.0,0,-0.0075113672509075,0.16109825327904673,0.541931004646888
woe_credit_hist_mon,0.0,0,-0.002898321482352498,0.09714749746397018,0.5280110160877619
